sample_no,work,selection_tags,provider,queried_at_utc,provider_id,provider_title,count_raw,count_semantics,last_raw,last_semantics,chapter_labels_raw_pipe,unique_chapter_labels,decimal_labels,zero_labels,unnumbered_labels,status_raw,provider_updated_at,upstream_ids,search_http,detail_http,aggregate_http,search_url,record_url,chapter_list_url,identity_evidence,observation_notes,official_viz_latest,official_viz_url
1,One-Punch Man,"ongoing,redraw",Kitsu,2026-09-22T21:58:14.807584+00:00,24147,One Punch-Man,,Kitsu chapterCount (scope unspecified),,,,,,,,current,2026-09-22T18:00:28.019Z,,200,,,https://kitsu.io/api/edge/manga?filter%5Btext%5D=One-Punch+Man&page%5Blimit%5D=20,https://kitsu.io/api/edge/manga/24147,,exact title + cross-IDs where available; see report; title alone not sufficient,,237,https://www.viz.com/shonenjump/chapters/one-punch-man
1,One-Punch Man,"ongoing,redraw",MangaBaka,2026-09-22T21:58:14.807584+00:00,725,ONE-PUNCH MAN,237,MangaBaka total_chapters (scope unspecified),,,,,,,,releasing,2026-09-22T19:43:59.487Z,anilist:74347|anime_planet:one-punch-man|anime_news_network:15076|kitsu:24147|manga_updates:e1096mh|my_anime_list:44347|shikimori:44347,200,200,,https://api.mangabaka.org/v1/series/search?q=One-Punch+Man,https://api.mangabaka.org/v1/series/725,,exact title + cross-IDs where available; see report; title alone not sufficient,aggregator; upstream dependency; total_chapters meaning unverified per work; search had 2 plausible exact-title candidates,237,https://www.viz.com/shonenjump/chapters/one-punch-man
1,One-Punch Man,"ongoing,redraw",MangaUpdates,2026-09-22T21:58:14.807584+00:00,30535847369,One Punch-Man,,,237,MangaUpdates latest_chapter (not total),,,,,,37 Volumes (Ongoing),2026-09-22T04:14:18-07:00,,200,200,,https://api.mangaupdates.com/v1/series/search,https://api.mangaupdates.com/v1/series/30535847369,,exact title + cross-IDs where available; see report; title alone not sufficient,,237,https://www.viz.com/shonenjump/chapters/one-punch-man
1,One-Punch Man,"ongoing,redraw",MangaDex,2026-09-22T21:58:14.807584+00:00,d8a959f7-648e-4c8d-8f23-f1f3f8e129f3,One Punch-Man,,,311,maximum integer label in MangaDex aggregate (not editorial latest),1|2|3|4|5|6|7|8|8.1|8.5|9|10|11|12|13|14|15|15.1|15.5|16|17|17.2|18|19|20|20.1|20.2|20.5|20.6|21|21.1|21.2|21.3|21.4|22|23|23.1|23.2|24|24.1|24.5|25|26|26.1|26.2|27|28|29|29.1|29.5|30|31|32|32.1|32.2|32.3|33|33.1|34|34.1|34.5|34.6|35|35.1|35.2|36|36.1|36.2|37|37.1|37.2|37.3|37.5|37.6|37.7|38|38.1|38.2|38.3|38.4|38.5|39|40|40.1|40.2|40.3|40.5|40.6|40.7|41|41.1|41.2|42|43|44|44.2|44.3|45|45.2|45.3|46|47|47.1|47.2|47.5|47.6|48|48.1|49|50|50.2|51|52|52.2|53|54|55|55.1|55.2|55.3|55.5|55.6|55.7|55.8|56|57|58|58.2|58.3|58.4|59|60|61|61.1|61.2|61.3|61.5|61.6|62|62.2|63|63.2|64|64.2|65|65.2|66|67|67.1|67.5|68|68.2|69|70|70.2|71|71.1|71.5|72|72.2|73|73.2|74|74.2|75|76|77|78|79|80|80.1|80.2|80.5|80.6|81|82|83|84|84.5|85|86|86.5|87|87.5|88|89|89.5|90|91|92|92.5|93|94|94.1|94.2|94.3|94.5|95|96|96.5|97|98|98.5|99|99.1|99.2|100|100.1|100.2|100.5|101|101.5|102|103|103.5|104|104.5|105|106|106.1|106.2|106.5|107|108|109|109.5|110|110.5|111|111.5|112|112.5|113|113.2|114|115|116|117|118|118.5|119|120|121|122|122.5|123|124|125|125.5|126|126.2|126.5|127|127.2|128|129|129.1|130|131|131.5|132|133|134|134.2|134.3|134.5|134.6|135|136|137|138|139|140|141|142|143|143.5|144|145|146|147|148|149|150|151|152|153|154|155|156|156.5|157|158|159|160|161|162|163|164|164.1|164.2|165|165.1|166|166.1|167|167.5|168|169|170|171|172|173|174|175|176|176.1|177|178|179|180|181|182|183|184|185|186|187|187.1|188|189|190|191|192|193|194|194.1|194.2|194.3|194.4|194.5|194.6|194.7|194.8|195|196|196.1|196.2|197|198|199|200|201|202|202.5|203|204|205|206|207|208|209|210|211|212|213|214|215|216|217|218|219|220|221|222|223|224|225|226|227|228|229|230|231|232|233|234|235|236|237|238|239|240|241|242|243|244|251|252|267|269|270|271|272|273|274|275|276|277|278|279|280|281|282|283|284|285|286|287|288|289|290|291|292|293|294|295|296|296.5|297|298|298.5|299|300|301|302|303|304|305|306|307|308|309|310|311,445,155,,,ongoing,2026-06-05T11:29:17+00:00,,200,,200,https://api.mangadex.org/manga?title=One-Punch+Man&limit=100,https://api.mangadex.org/manga/d8a959f7-648e-4c8d-8f23-f1f3f8e129f3,https://api.mangadex.org/manga/d8a959f7-648e-4c8d-8f23-f1f3f8e129f3/aggregate,exact title + cross-IDs where available; see report; title alone not sufficient,"aggregate reflects uploads, not complete editorial inventory; labels deduplicated across volumes/languages; label 311 conflicts with VIZ latest 237; redraw/numbering unresolved",237,https://www.viz.com/shonenjump/chapters/one-punch-man
2,Dandadan,ongoing,Kitsu,2026-09-22T21:58:25.296912+00:00,59289,Dandadan,,Kitsu chapterCount (scope unspecified),,,,,,,,current,2026-09-22T18:00:28.019Z,,200,,,https://kitsu.io/api/edge/manga?filter%5Btext%5D=Dandadan&page%5Blimit%5D=20,https://kitsu.io/api/edge/manga/59289,,exact title + cross-IDs where available; see report; title alone not sufficient,,246,https://www.viz.com/shonenjump/chapters/dandadan
2,Dandadan,ongoing,MangaBaka,2026-09-22T21:58:25.296912+00:00,4627,Dandadan,246,MangaBaka total_chapters (scope unspecified),,,,,,,,releasing,2026-09-22T04:15:19.258Z,anilist:132029|anime_planet:dandadan|anime_news_network:24649|kitsu:59289|manga_updates:tt2niag|my_anime_list:135496|shikimori:135496,200,200,,https://api.mangabaka.org/v1/series/search?q=Dandadan,https://api.mangabaka.org/v1/series/4627,,exact title + cross-IDs where available; see report; title alone not sufficient,aggregator; upstream dependency; total_chapters meaning unverified per work,246,https://www.viz.com/shonenjump/chapters/dandadan
2,Dandadan,ongoing,MangaUpdates,2026-09-22T21:58:25.296912+00:00,64884662872,Dandadan,,,246,MangaUpdates latest_chapter (not total),,,,,,25 Volumes (Ongoing),2026-08-28T21:12:13-07:00,,200,200,,https://api.mangaupdates.com/v1/series/search,https://api.mangaupdates.com/v1/series/64884662872,,exact title + cross-IDs where available; see report; title alone not sufficient,,246,https://www.viz.com/shonenjump/chapters/dandadan
2,Dandadan,ongoing,MangaDex,2026-09-22T21:58:25.296912+00:00,68112dc1-2b80-4f20-beb8-2f2a8716a430,Dandadan,,,246,maximum integer label in MangaDex aggregate (not editorial latest),1|2|3|4|5|5.5|6|7|8|9|10|11|12|13|14|14.5|15|16|17|18|19|20|21|22|23|23.5|24|25|26|27|28|29|30|31|32|32.5|33|34|35|36|37|38|39|40|40.5|41|42|43|44|45|46|47|48|49|49.5|50|51|52|53|54|55|56|57|58|58.5|59|60|61|62|63|64|65|66|67|67.5|68|69|70|71|72|73|74|75|76|76.5|77|78|79|80|81|82|83|84|85|85.5|184|185|186|187|188|189|190|191|192|193|194|201.5|208|212|213|214|215|225|226|227|228|229|230|231|231.1|232|233|234|235|236|237|238|239|240|241|242|243|244|245|246|none,136,12,,none,ongoing,2026-09-04T12:09:24+00:00,,200,,200,https://api.mangadex.org/manga?title=Dandadan&limit=100,https://api.mangadex.org/manga/68112dc1-2b80-4f20-beb8-2f2a8716a430,https://api.mangadex.org/manga/68112dc1-2b80-4f20-beb8-2f2a8716a430/aggregate,exact title + cross-IDs where available; see report; title alone not sufficient,"aggregate reflects uploads, not complete editorial inventory; labels deduplicated across volumes/languages",246,https://www.viz.com/shonenjump/chapters/dandadan
3,Hunter x Hunter,hiatus,Kitsu,2026-09-22T21:58:30.025320+00:00,68,Hunter x Hunter,,Kitsu chapterCount (scope unspecified),,,,,,,,current,2026-09-22T18:00:28.019Z,,200,,,https://kitsu.io/api/edge/manga?filter%5Btext%5D=Hunter+x+Hunter&page%5Blimit%5D=20,https://kitsu.io/api/edge/manga/68,,exact title + cross-IDs where available; see report; title alone not sufficient,search had 2 plausible exact-title candidates,420,https://www.viz.com/shonenjump/chapters/hunter-x-hunter
3,Hunter x Hunter,hiatus,MangaBaka,2026-09-22T21:58:30.025320+00:00,677,HUNTER×HUNTER,420,MangaBaka total_chapters (scope unspecified),,,,,,,,hiatus,2026-09-22T18:34:59.364Z,anilist:30026|anime_planet:hunter-x-hunter|anime_news_network:1899|kitsu:68|manga_updates:mpt5n3o|my_anime_list:26|shikimori:26,200,200,,https://api.mangabaka.org/v1/series/search?q=Hunter+x+Hunter,https://api.mangabaka.org/v1/series/677,,exact title + cross-IDs where available; see report; title alone not sufficient,aggregator; upstream dependency; total_chapters meaning unverified per work; search had 4 plausible exact-title candidates,420,https://www.viz.com/shonenjump/chapters/hunter-x-hunter
3,Hunter x Hunter,hiatus,MangaUpdates,2026-09-22T21:58:30.025320+00:00,49449837876,Hunter x Hunter,,,420,MangaUpdates latest_chapter (not total),,,,,,39 Volumes + Volume 0 (Hiatus),2026-09-03T19:44:40-07:00,,200,200,,https://api.mangaupdates.com/v1/series/search,https://api.mangaupdates.com/v1/series/49449837876,,exact title + cross-IDs where available; see report; title alone not sufficient,,420,https://www.viz.com/shonenjump/chapters/hunter-x-hunter
3,Hunter x Hunter,hiatus,MangaDex,2026-09-22T21:58:30.025320+00:00,db692d58-4b13-4174-ae8c-30c515c0689c,Hunter x Hunter,,,420,maximum integer label in MangaDex aggregate (not editorial latest),0|0.5|1|2|3|4|5|6|7|8|9|10|11|12|13|14|15|16|17|18|19|20|21|22|23|24|25|26|27|28|29|30|31|32|33|34|35|36|37|38|39|40|41|42|43|44|45|46|47|48|49|50|51|52|53|54|55|56|57|58|59|60|61|62|63|64|65|66|67|68|69|70|71|72|73|74|75|76|77|78|79|80|81|82|83|84|85|86|87|88|89|90|91|92|93|94|95|96|97|98|99|100|101|102|103|104|105|106|107|108|109|110|111|112|113|114|115|116|117|118|119|120|121|122|123|124|125|126|127|128|129|130|131|132|133|134|135|136|137|138|139|140|141|142|143|144|145|146|147|148|149|150|151|152|153|154|155|156|157|158|159|160|161|162|163|164|165|166|167|168|169|170|171|172|173|174|175|176|177|178|179|180|181|182|183|184|185|186|187|188|189|190|191|192|193|194|195|196|197|198|199|200|201|202|203|204|205|206|207|208|209|210|211|212|213|214|215|216|217|218|219|220|221|222|223|224|225|226|227|228|229|230|231|232|233|234|235|236|237|238|239|240|241|242|243|244|245|246|247|248|249|250|251|252|253|254|255|256|257|258|259|260|261|262|263|264|265|266|267|268|269|270|271|272|273|274|275|276|277|278|279|280|281|282|283|284|285|286|287|288|289|290|291|292|293|294|295|296|297|298|299|300|301|302|303|304|305|306|307|308|309|310|311|312|313|314|315|316|317|318|319|320|321|322|323|324|325|326|327|328|329|330|331|332|333|334|335|336|337|338|339|339.1|339.2|340|340.5|340.6|341|342|343|344|345|346|347|348|349|350|351|352|353|354|355|356|357|358|359|360|361|362|363|364|365|366|367|368|369|370|371|372|373|374|375|376|377|378|379|380|381|382|383|384|385|386|387|388|389|390|391|392|393|394|395|396|397|398|399|400|400.5|401|402|403|404|405|406|407|408|409|410|411|412|413|414|415|416|417|418|419|420|none,428,6,0|0.5,none,ongoing,2026-09-12T20:45:46+00:00,,200,,200,https://api.mangadex.org/manga?title=Hunter+x+Hunter&limit=100,https://api.mangadex.org/manga/db692d58-4b13-4174-ae8c-30c515c0689c,https://api.mangadex.org/manga/db692d58-4b13-4174-ae8c-30c515c0689c/aggregate,exact title + cross-IDs where available; see report; title alone not sufficient,"aggregate reflects uploads, not complete editorial inventory; labels deduplicated across volumes/languages; search had 2 plausible exact-title candidates",420,https://www.viz.com/shonenjump/chapters/hunter-x-hunter
4,Death Note,"completed,special",Kitsu,2026-09-22T21:58:35.927662+00:00,57,Death Note,108,Kitsu chapterCount (scope unspecified),,,,,,,,finished,2026-09-22T18:00:28.019Z,,200,,,https://kitsu.io/api/edge/manga?filter%5Btext%5D=Death+Note&page%5Blimit%5D=20,https://kitsu.io/api/edge/manga/57,,exact title + cross-IDs where available; see report; title alone not sufficient,search had 2 plausible exact-title candidates,108,https://www.viz.com/shonenjump/chapters/death-note
4,Death Note,"completed,special",MangaBaka,2026-09-22T21:58:35.927662+00:00,1824,DEATH NOTE,108,MangaBaka total_chapters (scope unspecified),,,,,,,,completed,2026-09-22T21:48:27.473Z,anilist:30021|anime_planet:death-note|anime_news_network:4354|kitsu:57|manga_updates:1ljv3bs|my_anime_list:21|shikimori:21,200,200,,https://api.mangabaka.org/v1/series/search?q=Death+Note,https://api.mangabaka.org/v1/series/1824,,exact title + cross-IDs where available; see report; title alone not sufficient,aggregator; upstream dependency; total_chapters meaning unverified per work; search had 4 plausible exact-title candidates,108,https://www.viz.com/shonenjump/chapters/death-note
4,Death Note,"completed,special",MangaUpdates,2026-09-22T21:58:35.927662+00:00,3479935384,Death Note,,,108,MangaUpdates latest_chapter (not total),,,,,,12 Volumes + 1 Extra Volume (Complete) 7 Bunkoban Volumes (Complete) 1 Bunkoban Volume (Complete),2026-09-16T09:59:00-07:00,,200,200,,https://api.mangaupdates.com/v1/series/search,https://api.mangaupdates.com/v1/series/3479935384,,exact title + cross-IDs where available; see report; title alone not sufficient,,108,https://www.viz.com/shonenjump/chapters/death-note
4,Death Note,"completed,special",MangaDex,2026-09-22T21:58:35.927662+00:00,75ee72ab-c6bf-4b87-badd-de839156934c,Death Note,,,108,maximum integer label in MangaDex aggregate (not editorial latest),1|2|3|4|17|18|19|20|21|102|103|104|105|106|107|108,16,0,,,completed,2026-06-19T18:24:37+00:00,,200,,200,https://api.mangadex.org/manga?title=Death+Note&limit=100,https://api.mangadex.org/manga/75ee72ab-c6bf-4b87-badd-de839156934c,https://api.mangadex.org/manga/75ee72ab-c6bf-4b87-badd-de839156934c/aggregate,exact title + cross-IDs where available; see report; title alone not sufficient,"aggregate reflects uploads, not complete editorial inventory; labels deduplicated across volumes/languages; search had 4 plausible exact-title candidates",108,https://www.viz.com/shonenjump/chapters/death-note
5,One Piece,ongoing,Kitsu,2026-09-22T21:58:40.086930+00:00,38,One Piece,,Kitsu chapterCount (scope unspecified),,,,,,,,current,2026-09-22T18:00:28.019Z,,200,,,https://kitsu.io/api/edge/manga?filter%5Btext%5D=One+Piece&page%5Blimit%5D=20,https://kitsu.io/api/edge/manga/38,,exact title + cross-IDs where available; see report; title alone not sufficient,search had 2 plausible exact-title candidates,1193,https://www.viz.com/shonenjump/chapters/one-piece
5,One Piece,ongoing,MangaBaka,2026-09-22T21:58:40.086930+00:00,377,ONE PIECE,1193,MangaBaka total_chapters (scope unspecified),,,,,,,,releasing,2026-09-22T17:02:37.921Z,anilist:30013|anime_planet:one-piece|anime_news_network:1223|kitsu:38|manga_updates:pb8uwds|my_anime_list:13|shikimori:13,200,200,,https://api.mangabaka.org/v1/series/search?q=One+Piece,https://api.mangabaka.org/v1/series/377,,exact title + cross-IDs where available; see report; title alone not sufficient,aggregator; upstream dependency; total_chapters meaning unverified per work; search had 4 plausible exact-title candidates,1193,https://www.viz.com/shonenjump/chapters/one-piece
5,One Piece,ongoing,MangaUpdates,2026-09-22T21:58:40.086930+00:00,55099564912,One Piece,,,1193,MangaUpdates latest_chapter (not total),,,,,,115 Volumes (Ongoing),2026-09-14T00:46:51-07:00,,200,200,,https://api.mangaupdates.com/v1/series/search,https://api.mangaupdates.com/v1/series/55099564912,,exact title + cross-IDs where available; see report; title alone not sufficient,,1193,https://www.viz.com/shonenjump/chapters/one-piece
5,One Piece,ongoing,MangaDex,2026-09-22T21:58:40.086930+00:00,a1c7c817-4e59-43b7-9365-09675a149a6f,One Piece,,,1193,maximum integer label in MangaDex aggregate (not editorial latest),1|2|3|4|5|6|7|8|9|10|11|12|13|14|15|16|17|18|19|20|21|22|23|24|25|26|27|28|29|30|31|32|33|34|35|36|37|38|39|40|41|42|43|44|45|46|47|48|49|50|51|52|53|54|55|56|57|58|59|60|61|62|373|381|382|383|384|385|386|387|388|389|390|391|392|598|599|600|601|602|603|604|605|606|607|608|609|610|611|612|613|614|615|616|617|618|619|620|621|622|623|624|625|626|627|628|629|630|631|632|633|634|635|636|637|638|639|640|641|642|643|644|645|646|647|648|649|650|651|652|653|654|655|656|657|658|659|660|661|662|663|664|665|666|667|668|669|670|671|672|673|674|675|676|677|678|679|680|681|682|683|684|685|686|687|688|689|690|691|692|693|694|695|696|697|698|699|700|701|702|703|704|705|706|707|708|709|710|711|712|713|714|715|716|717|718|719|720|721|722|723|724|725|726|727|728|729|730|731|732|733|734|735|736|737|738|739|740|741|742|743|744|745|746|747|748|749|750|751|752|753|754|755|756|757|758|759|760|761|762|763|764|765|766|767|768|769|770|771|772|773|774|775|776|777|778|779|780|781|782|783|784|785|786|787|788|789|790|791|792|793|794|795|796|797|798|799|800|801|802|803|804|805|806|807|808|809|810|811|812|813|814|815|816|817|818|819|820|821|822|823|824|825|826|827|828|829|830|831|832|833|834|835|836|837|838|839|840|841|842|843|844|845|846|847|848|849|850|851|852|853|854|855|856|857|858|859|860|861|862|863|864|865|866|867|868|869|870|871|872|873|874|875|876|877|878|879|880|881|882|883|884|885|886|887|888|889|890|891|892|893|894|895|896|897|898|899|900|901|902|903|904|905|906|907|908|909|910|911|912|913|914|915|916|917|918|919|920|921|922|923|924|925|926|927|928|929|930|931|932|933|934|935|936|937|938|939|940|941|942|943|944|945|946|947|948|949|950|951|952|953|954|955|956|957|958|959|960|961|962|963|964|965|966|967|968|969|970|971|972|973|974|975|976|977|978|979|980|981|982|983|984|985|986|987|988|989|990|991|992|993|994|995|996|997|998|999|1000|1001|1002|1003|1004|1005|1006|1007|1008|1009|1010|1011|1012|1013|1014|1015|1016|1017|1018|1019|1020|1021|1022|1023|1024|1025|1026|1027|1028|1029|1030|1031|1032|1033|1034|1035|1036|1037|1038|1039|1040|1041|1042|1043|1044|1045|1046|1047|1048|1049|1050|1051|1052|1053|1054|1055|1056|1057|1058|1059|1060|1061|1062|1063|1064|1065|1066|1067|1068|1069|1070|1071|1072|1073|1074|1075|1076|1077|1078|1079|1080|1081|1082|1083|1084|1085|1086|1087|1088|1089|1090|1091|1092|1093|1094|1095|1096|1097|1098|1099|1100|1101|1102|1103|1104|1105|1106|1107|1108|1109|1110|1111|1112|1113|1114|1115|1116|1117|1118|1119|1120|1121|1122|1123|1124|1125|1126|1127|1128|1129|1130|1131|1132|1133|1134|1135|1136|1137|1138|1139|1140|1141|1142|1143|1144|1145|1146|1147|1148|1149|1150|1151|1152|1153|1154|1155|1156|1157|1158|1159|1160|1161|1162|1163|1164|1165|1166|1167|1168|1169|1170|1171|1172|1173|1174|1175|1176|1177|1178|1179|1180|1181|1182|1183|1184|1185|1186|1187|1188|1189|1190|1191|1192|1193,671,0,,,ongoing,2026-08-10T03:22:44+00:00,,200,,200,https://api.mangadex.org/manga?title=One+Piece&limit=100,https://api.mangadex.org/manga/a1c7c817-4e59-43b7-9365-09675a149a6f,https://api.mangadex.org/manga/a1c7c817-4e59-43b7-9365-09675a149a6f/aggregate,exact title + cross-IDs where available; see report; title alone not sufficient,"aggregate reflects uploads, not complete editorial inventory; labels deduplicated across volumes/languages; search had 4 plausible exact-title candidates",1193,https://www.viz.com/shonenjump/chapters/one-piece
6,Berserk,"ongoing,hiatus",Kitsu,2026-09-22T21:58:45.890237+00:00,8,Berserk,,Kitsu chapterCount (scope unspecified),,,,,,,,current,2026-09-22T18:00:28.019Z,,200,,,https://kitsu.io/api/edge/manga?filter%5Btext%5D=Berserk&page%5Blimit%5D=20,https://kitsu.io/api/edge/manga/8,,exact title + cross-IDs where available; see report; title alone not sufficient,,,
6,Berserk,"ongoing,hiatus",MangaBaka,2026-09-22T21:58:45.890237+00:00,1692,BERSERK,401,MangaBaka total_chapters (scope unspecified),,,,,,,,releasing,2026-09-20T07:34:40.964Z,anilist:30002|anime_planet:berserk|anime_news_network:2298|kitsu:8|manga_updates:njeqwry|my_anime_list:2|shikimori:2,200,200,,https://api.mangabaka.org/v1/series/search?q=Berserk,https://api.mangabaka.org/v1/series/1692,,exact title + cross-IDs where available; see report; title alone not sufficient,aggregator; upstream dependency; total_chapters meaning unverified per work,,
6,Berserk,"ongoing,hiatus",MangaUpdates,2026-09-22T21:58:45.890237+00:00,51239621230,Berserk,,,386,MangaUpdates latest_chapter (not total),,,,,,"43 Volumes (Ongoing) *[MORI Kouji](https://www.mangaupdates.com/authors.html?id=38824888050) took over the writing and [Studio Gaga](https://www.mangaupdates.com/authors.html?id=58953789514) the art starting with Vol 42, Episode 365. More details [here](https://www.hakusensha.co.jp/information/63802).*",2026-08-28T01:21:23-07:00,,200,200,,https://api.mangaupdates.com/v1/series/search,https://api.mangaupdates.com/v1/series/51239621230,,exact title + cross-IDs where available; see report; title alone not sufficient,,,
6,Berserk,"ongoing,hiatus",MangaDex,2026-09-22T21:58:45.890237+00:00,801513ba-a712-498c-8f57-cae55b38cc92,Berserk,,,386,maximum integer label in MangaDex aggregate (not editorial latest),0.01|0.02|0.03|0.04|0.05|0.06|0.07|0.08|0.09|0.10|0.11|0.12|0.13|0.14|0.15|0.16|1|2|3|4|5|6|7|8|9|10|11|12|13|14|15|16|17|18|19|20|21|22|23|24|25|26|27|28|29|30|31|32|33|34|35|36|37|38|39|40|41|42|43|44|45|46|47|48|49|50|51|52|53|54|55|56|57|58|59|60|61|62|63|64|65|66|67|68|69|70|71|72|73|74|75|76|77|78|79|80|81|82|83|84|85|86|87|88|89|90|91|92|93|94|95|96|97|98|99|99.5|100|101|102|103|104|105|106|106.5|107|108|109|110|111|112|113|114|115|116|117|118|119|120|121|122|123|124|125|126|127|128|129|130|131|132|133|134|135|136|137|138|139|140|141|142|143|144|145|146|147|148|149|150|151|152|153|154|155|156|157|158|159|160|161|162|163|164|165|166|167|168|169|170|171|172|173|174|175|176|177|178|179|180|181|182|183|184|185|186|187|188|189|190|191|192|193|194|195|196|197|198|199|200|201|202|203|204|205|206|207|208|209|210|211|212|213|214|215|216|217|218|219|220|221|222|223|224|225|226|227|228|229|230|231|232|233|234|235|236|237|238|239|240|241|242|243|244|245|246|247|248|249|250|251|252|253|254|255|256|257|258|259|260|261|262|263|264|265|266|267|268|269|270|271|272|273|274|275|276|277|278|279|280|281|282|283|284|285|286|287|288|289|290|291|292|293|294|295|296|297|298|299|300|301|302|303|304|305|306|307|308|309|310|311|312|313|314|315|316|317|318|319|320|321|322|323|324|325|326|327|328|329|330|331|332|333|334|335|336|337|338|339|340|341|342|343|344|345|346|347|348|349|350|351|352|353|354|355|356|356.1|356.2|357|358|359|360|361|362|363|364|365|366|367|368|369|370|371|372|373|374|375|376|377|378|379|380|381|382|383|384|385|386,406,20,0.01|0.02|0.03|0.04|0.05|0.06|0.07|0.08|0.09|0.10|0.11|0.12|0.13|0.14|0.15|0.16,,ongoing,2026-09-03T17:00:25+00:00,,200,,200,https://api.mangadex.org/manga?title=Berserk&limit=100,https://api.mangadex.org/manga/801513ba-a712-498c-8f57-cae55b38cc92,https://api.mangadex.org/manga/801513ba-a712-498c-8f57-cae55b38cc92/aggregate,exact title + cross-IDs where available; see report; title alone not sufficient,"aggregate reflects uploads, not complete editorial inventory; labels deduplicated across volumes/languages",,
7,Vagabond,hiatus,Kitsu,2026-09-22T21:58:56.182416+00:00,1482,Vagabond,327,Kitsu chapterCount (scope unspecified),,,,,,,,finished,2026-09-22T18:00:28.019Z,,200,,,https://kitsu.io/api/edge/manga?filter%5Btext%5D=Vagabond&page%5Blimit%5D=20,https://kitsu.io/api/edge/manga/1482,,exact title + cross-IDs where available; see report; title alone not sufficient,,,
7,Vagabond,hiatus,MangaBaka,2026-09-22T21:58:56.182416+00:00,1566,Vagabond,327,MangaBaka total_chapters (scope unspecified),,,,,,,,hiatus,2026-09-22T11:23:11.943Z,anilist:30656|anime_planet:vagabond|anime_news_network:1595|kitsu:1482|manga_updates:su6blie|my_anime_list:656|shikimori:656,200,200,,https://api.mangabaka.org/v1/series/search?q=Vagabond,https://api.mangabaka.org/v1/series/1566,,exact title + cross-IDs where available; see report; title alone not sufficient,aggregator; upstream dependency; total_chapters meaning unverified per work,,
7,Vagabond,hiatus,MangaUpdates,2026-09-22T21:58:56.182416+00:00,62774509478,Vagabond,,,2,MangaUpdates latest_chapter (not total),,,,,,37 Volumes (Hiatus),2026-07-20T01:29:45-07:00,,200,200,,https://api.mangaupdates.com/v1/series/search,https://api.mangaupdates.com/v1/series/62774509478,,exact title + cross-IDs where available; see report; title alone not sufficient,,,
7,Vagabond,hiatus,MangaDex,2026-09-22T21:58:56.182416+00:00,d1a9fdeb-f713-407f-960c-8326b586e6fd,Vagabond,,,327,maximum integer label in MangaDex aggregate (not editorial latest),1|2|3|4|5|6|7|8|9|10|11|12|13|14|15|16|17|18|19|20|21|22|23|24|25|26|27|28|29|30|31|32|33|34|35|36|37|38|39|40|41|42|43|44|45|46|47|48|49|50|51|52|53|54|55|56|57|58|59|60|61|62|63|64|65|66|67|68|69|70|71|72|73|74|75|76|77|78|79|80|81|82|83|84|85|86|87|88|89|90|91|92|93|94|95|96|97|98|99|100|101|102|103|104|105|106|107|108|109|110|111|112|113|114|115|116|117|118|119|120|121|122|123|124|125|126|127|128|129|130|131|132|133|134|135|136|137|138|139|140|141|142|143|144|145|146|147|148|149|150|151|152|153|154|155|156|157|158|159|160|161|162|163|164|165|166|167|168|169|170|171|172|173|174|175|176|177|178|179|180|181|182|183|184|185|186|187|188|189|190|191|192|193|194|195|196|197|198|199|200|201|202|203|204|205|206|207|208|209|210|211|212|213|214|215|216|217|218|219|220|221|222|223|224|225|226|227|228|229|230|231|232|233|234|235|236|237|238|239|240|241|242|243|244|245|246|247|248|249|250|251|252|253|254|255|256|257|258|259|260|261|262|263|264|265|266|267|268|269|270|271|272|273|274|275|276|277|278|279|280|281|282|283|284|285|286|287|288|289|290|291|292|293|294|295|296|297|298|299|300|301|302|303|304|305|306|307|308|309|310|311|312|313|314|315|316|317|318|319|320|321|322|323|324|325|326|327,327,0,,,hiatus,2026-09-21T20:08:47+00:00,,200,,200,https://api.mangadex.org/manga?title=Vagabond&limit=100,https://api.mangadex.org/manga/d1a9fdeb-f713-407f-960c-8326b586e6fd,https://api.mangadex.org/manga/d1a9fdeb-f713-407f-960c-8326b586e6fd/aggregate,exact title + cross-IDs where available; see report; title alone not sufficient,"aggregate reflects uploads, not complete editorial inventory; labels deduplicated across volumes/languages; search had 2 plausible exact-title candidates",,
8,Naruto,completed,Kitsu,2026-09-22T21:59:02.074022+00:00,35,NARUTO,700,Kitsu chapterCount (scope unspecified),,,,,,,,finished,2026-09-22T18:00:28.019Z,,200,,,https://kitsu.io/api/edge/manga?filter%5Btext%5D=Naruto&page%5Blimit%5D=20,https://kitsu.io/api/edge/manga/35,,exact title + cross-IDs where available; see report; title alone not sufficient,search had 5 plausible exact-title candidates,,
8,Naruto,completed,MangaBaka,2026-09-22T21:59:02.074022+00:00,270,NARUTO,700,MangaBaka total_chapters (scope unspecified),,,,,,,,completed,2026-09-22T17:23:51.717Z,anilist:30011|anime_planet:naruto|anime_news_network:1598|kitsu:35|manga_updates:7z3yqqk|my_anime_list:11|shikimori:11,200,200,,https://api.mangabaka.org/v1/series/search?q=Naruto,https://api.mangabaka.org/v1/series/270,,exact title + cross-IDs where available; see report; title alone not sufficient,confirmed by MangaBaka source.kitsu ID and manga type; targeted detail; aggregator; upstream dependency; total_chapters meaning unverified per work; search had 8 plausible exact-title candidates,,
8,Naruto,completed,MangaUpdates,2026-09-22T21:59:02.074022+00:00,17360452316,Naruto,,,700,MangaUpdates latest_chapter (not total),,,,,,72 Volumes (Complete) 24 Combini-ban Volumes (Complete),2026-09-17T13:47:41-07:00,,200,200,,https://api.mangaupdates.com/v1/series/search,https://api.mangaupdates.com/v1/series/17360452316,,exact title + cross-IDs where available; see report; title alone not sufficient,,,
8,Naruto,completed,MangaDex,2026-09-22T21:59:02.074022+00:00,6b1eb93e-473a-4ab3-9922-1a66d2a29a4a,Naruto,,,700,maximum integer label in MangaDex aggregate (not editorial latest),1|2|3|4|323|324|325|326|327|328|329|700,12,0,,,completed,2026-07-08T08:07:10+00:00,,200,,200,https://api.mangadex.org/manga?title=Naruto&limit=100,https://api.mangadex.org/manga/6b1eb93e-473a-4ab3-9922-1a66d2a29a4a,https://api.mangadex.org/manga/6b1eb93e-473a-4ab3-9922-1a66d2a29a4a/aggregate,exact title + cross-IDs where available; see report; title alone not sufficient,"aggregate reflects uploads, not complete editorial inventory; labels deduplicated across volumes/languages; search had 12 plausible exact-title candidates",,
9,Bleach,completed,Kitsu,2026-09-22T21:59:07.621359+00:00,37,BLEACH,706,Kitsu chapterCount (scope unspecified),,,,,,,,finished,2026-09-22T18:00:28.019Z,,200,,,https://kitsu.io/api/edge/manga?filter%5Btext%5D=Bleach&page%5Blimit%5D=20,https://kitsu.io/api/edge/manga/37,,exact title + cross-IDs where available; see report; title alone not sufficient,,,
9,Bleach,completed,MangaBaka,2026-09-22T21:59:07.621359+00:00,2410,BLEACH,706,MangaBaka total_chapters (scope unspecified),,,,,,,,completed,2026-09-22T18:59:46.895Z,anilist:30012|anime_planet:bleach|anime_news_network:2468|kitsu:37|manga_updates:wm47jwz|my_anime_list:12|shikimori:12,200,200,,https://api.mangabaka.org/v1/series/search?q=Bleach,https://api.mangabaka.org/v1/series/2410,,exact title + cross-IDs where available; see report; title alone not sufficient,aggregator; upstream dependency; total_chapters meaning unverified per work; search had 3 plausible exact-title candidates,,
9,Bleach,completed,MangaUpdates,2026-09-22T21:59:07.621359+00:00,70994361491,Bleach,,,250,MangaUpdates latest_chapter (not total),,,,,,74 Volumes (Complete) 26 Conbini-ban Volumes (Complete),2026-09-17T14:46:24-07:00,,200,200,,https://api.mangaupdates.com/v1/series/search,https://api.mangaupdates.com/v1/series/70994361491,,exact title + cross-IDs where available; see report; title alone not sufficient,,,
9,Bleach,completed,MangaDex,2026-09-22T21:59:07.621359+00:00,239d6260-d71f-43b0-afff-074e3619e3de,Bleach,,,686,maximum integer label in MangaDex aggregate (not editorial latest),1|2|3|4|5|263|264|265|266|267|268|269|336|686,14,0,,,completed,2026-08-29T21:13:19+00:00,,200,,200,https://api.mangadex.org/manga?title=Bleach&limit=100,https://api.mangadex.org/manga/239d6260-d71f-43b0-afff-074e3619e3de,https://api.mangadex.org/manga/239d6260-d71f-43b0-afff-074e3619e3de/aggregate,exact title + cross-IDs where available; see report; title alone not sufficient,"aggregate reflects uploads, not complete editorial inventory; labels deduplicated across volumes/languages; search had 5 plausible exact-title candidates",,
10,Dragon Ball,completed,Kitsu,2026-09-22T21:59:14.124666+00:00,111,Dragon Ball,520,Kitsu chapterCount (scope unspecified),,,,,,,,finished,2026-09-22T18:00:28.019Z,,200,,,https://kitsu.io/api/edge/manga?filter%5Btext%5D=Dragon+Ball&page%5Blimit%5D=20,https://kitsu.io/api/edge/manga/111,,exact title + cross-IDs where available; see report; title alone not sufficient,search had 3 plausible exact-title candidates,,
10,Dragon Ball,completed,MangaBaka,2026-09-22T21:59:14.124666+00:00,997,DRAGON BALL,520,MangaBaka total_chapters (scope unspecified),,,,,,,,completed,2026-09-22T19:24:17.284Z,anilist:30042|anime_planet:dragon-ball|anime_news_network:297|kitsu:111|manga_updates:iitcsf0|my_anime_list:42|shikimori:42,200,200,,https://api.mangabaka.org/v1/series/search?q=Dragon+Ball,https://api.mangabaka.org/v1/series/997,,exact title + cross-IDs where available; see report; title alone not sufficient,aggregator; upstream dependency; total_chapters meaning unverified per work; search had 3 plausible exact-title candidates,,
10,Dragon Ball,completed,MangaUpdates,2026-09-22T21:59:14.124666+00:00,40319778780,Dragon Ball,,,149,MangaUpdates latest_chapter (not total),,,,,,42 Volumes (Complete) 34 Kanzenban Volumes (Complete),2026-07-29T00:09:49-07:00,,200,200,,https://api.mangaupdates.com/v1/series/search,https://api.mangaupdates.com/v1/series/40319778780,,exact title + cross-IDs where available; see report; title alone not sufficient,,,
10,Dragon Ball,completed,MangaDex,2026-09-22T21:59:14.124666+00:00,40bc649f-7b49-4645-859e-6cd94136e722,Dragon Ball,,,519,maximum integer label in MangaDex aggregate (not editorial latest),1|2|3|4|5|6|7|8|9|10|11|12|13|14|15|16|17|18|19|20|21|22|23|24|25|26|27|28|29|30|31|32|33|34|35|36|37|38|39|40|41|42|43|44|45|46|47|48|49|50|51|52|53|54|55|56|57|58|59|60|61|62|63|64|65|66|67|68|69|70|71|72|73|74|75|76|77|78|79|80|81|82|83|84|85|86|87|88|89|90|91|92|93|94|95|96|97|98|99|100|101|102|103|104|105|106|107|108|109|110|111|112|113|114|115|116|117|118|119|120|121|122|123|124|125|126|127|128|129|130|131|132|133|134|135|136|137|138|139|140|141|142|143|144|145|146|147|148|149|150|151|152|153|154|155|156|157|158|159|160|161|162|163|164|165|166|167|168|169|170|171|172|173|174|175|176|177|178|179|180|181|182|183|184|185|186|187|188|189|190|191|192|193|194|195|196|197|198|199|200|201|202|203|204|205|206|207|208|209|210|211|212|213|214|215|216|217|218|219|220|221|222|223|224|225|226|227|228|229|230|231|232|233|234|235|236|237|238|239|240|241|242|243|244|245|246|247|248|249|250|251|252|253|254|255|256|257|258|259|260|261|262|263|264|265|266|267|268|269|270|271|272|273|274|275|276|277|278|279|280|281|282|283|284|285|286|287|288|289|290|291|292|293|294|295|296|297|298|299|300|301|302|303|304|305|306|307|308|309|310|311|312|313|314|315|316|317|318|319|320|321|322|323|324|325|326|327|328|329|330|331|332|333|334|335|336|337|338|339|340|341|342|343|344|345|346|347|348|349|350|351|352|353|354|355|356|357|358|359|360|361|362|363|364|365|366|367|368|369|370|371|372|373|374|375|376|377|378|379|380|381|382|383|384|385|386|387|388|389|390|391|392|393|394|395|396|396.5|397|398|399|400|401|402|403|404|405|406|407|408|409|410|411|412|413|414|415|416|417|418|419|420|421|422|423|424|425|426|427|428|429|430|431|432|433|434|435|436|437|438|439|440|441|442|443|444|445|446|447|448|449|450|451|452|453|454|455|456|457|458|459|460|461|462|463|464|465|466|467|468|469|470|471|472|473|474|475|476|477|478|479|480|481|482|483|484|485|486|487|488|489|490|491|492|493|494|495|496|497|498|499|500|501|502|503|504|505|506|507|508|509|510|511|512|513|514|515|516|517|518|519|519.1,521,2,,,completed,2026-07-23T22:10:41+00:00,,200,,200,https://api.mangadex.org/manga?title=Dragon+Ball&limit=100,https://api.mangadex.org/manga/40bc649f-7b49-4645-859e-6cd94136e722,https://api.mangadex.org/manga/40bc649f-7b49-4645-859e-6cd94136e722/aggregate,exact title + cross-IDs where available; see report; title alone not sufficient,"aggregate reflects uploads, not complete editorial inventory; labels deduplicated across volumes/languages; search had 5 plausible exact-title candidates",,
11,Fullmetal Alchemist,completed,Kitsu,2026-09-22T21:59:20.690922+00:00,66,Fullmetal Alchemist,116,Kitsu chapterCount (scope unspecified),,,,,,,,finished,2026-09-22T18:00:28.019Z,,200,,,https://kitsu.io/api/edge/manga?filter%5Btext%5D=Fullmetal+Alchemist&page%5Blimit%5D=20,https://kitsu.io/api/edge/manga/66,,exact title + cross-IDs where available; see report; title alone not sufficient,,,
11,Fullmetal Alchemist,completed,MangaBaka,2026-09-22T21:59:20.690922+00:00,8312,FULL METAL ALCHEMIST,150,MangaBaka total_chapters (scope unspecified),,,,,,,,completed,2026-09-22T16:04:08.468Z,anilist:30025|anime_planet:fullmetal-alchemist|anime_news_network:2565|kitsu:66|manga_updates:8q91xb4|my_anime_list:25|shikimori:25,200,200,,https://api.mangabaka.org/v1/series/search?q=Fullmetal+Alchemist,https://api.mangabaka.org/v1/series/8312,,exact title + cross-IDs where available; see report; title alone not sufficient,confirmed by MangaBaka source.kitsu ID and manga type; targeted detail; aggregator; upstream dependency; total_chapters meaning unverified per work; search had 3 plausible exact-title candidates,,
11,Fullmetal Alchemist,completed,MangaUpdates,2026-09-22T21:59:20.690922+00:00,19001585632,Hagane no Renkinjutsushi,,,150,MangaUpdates latest_chapter (not total),,,,,,27 Volumes (Complete) 18 Kanzenban Volumes (Complete) 14 Keisouban Volumes (Complete) 150 Webtoon Chapters (Ongoing),2026-09-20T11:16:08-07:00,,200,200,,https://api.mangaupdates.com/v1/series/search,https://api.mangaupdates.com/v1/series/19001585632,,exact title + cross-IDs where available; see report; title alone not sufficient,resolved via MangaBaka MangaUpdates cross-ID,,
11,Fullmetal Alchemist,completed,MangaDex,2026-09-22T21:59:20.690922+00:00,dd8a907a-3850-4f95-ba03-ba201a8399e3,Fullmetal Alchemist,,,108,maximum integer label in MangaDex aggregate (not editorial latest),1|2|3|4|5|6|7|8|9|10|11|12|12.5|13|14|15|16|16.5|17|18|19|20|21|22|23|24|25|25.5|26|27|28|29|29.5|30|31|32|33|33.5|34|35|36|37|37.5|38|39|40|41|42|43|44|45|45.5|46|47|48|49|49.5|50|51|52|53|54|55|56|57|57.5|58|59|60|61|62|63|64|65|66|67|68|69|70|71|72|73|74|75|76|77|78|79|80|81|82|83|84|85|86|87|88|89|90|91|92|93|94|95|95.5|96|97|98|99|100|101|102|103|104|105|106|107|108|108.1|108.2|108.3|108.4|108.5|108.6|108.7,125,17,,,completed,2026-07-12T03:15:30+00:00,,200,200,200,https://api.mangadex.org/manga?title=Fullmetal+Alchemist&limit=100,https://api.mangadex.org/manga/dd8a907a-3850-4f95-ba03-ba201a8399e3,https://api.mangadex.org/manga/dd8a907a-3850-4f95-ba03-ba201a8399e3/aggregate,exact title + cross-IDs where available; see report; title alone not sufficient,"matched MangaDex kt and mu crosslinks; aggregate reflects uploads, not complete editorial inventory; labels deduplicated across volumes/languages; search had 2 plausible exact-title candidates",,
12,Attack on Titan,"completed,special",Kitsu,2026-09-22T21:59:25.558270+00:00,14916,Attack on Titan,141,Kitsu chapterCount (scope unspecified),,,,,,,,finished,2026-09-22T18:00:28.019Z,,200,,,https://kitsu.io/api/edge/manga?filter%5Btext%5D=Attack+on+Titan&page%5Blimit%5D=20,https://kitsu.io/api/edge/manga/14916,,exact title + cross-IDs where available; see report; title alone not sufficient,,,
12,Attack on Titan,"completed,special",MangaBaka,2026-09-22T21:59:25.558270+00:00,4024,ATTACK ON TITAN,141,MangaBaka total_chapters (scope unspecified),,,,,,,,completed,2026-09-22T18:59:46.942Z,anilist:53390|anime_planet:attack-on-titan|anime_news_network:12308|kitsu:14916|manga_updates:aqw5kar|my_anime_list:23390|shikimori:23390,200,200,,https://api.mangabaka.org/v1/series/search?q=Attack+on+Titan,https://api.mangabaka.org/v1/series/4024,,exact title + cross-IDs where available; see report; title alone not sufficient,aggregator; upstream dependency; total_chapters meaning unverified per work,,
12,Attack on Titan,"completed,special",MangaUpdates,2026-09-22T21:59:25.558270+00:00,23393951235,Shingeki no Kyojin,,,139,MangaUpdates latest_chapter (not total),,,,,,34 Volumes (Complete),2026-09-18T09:57:11-07:00,,200,200,,https://api.mangaupdates.com/v1/series/search,https://api.mangaupdates.com/v1/series/23393951235,,exact title + cross-IDs where available; see report; title alone not sufficient,resolved by cross-ID from MangaBaka or MangaDex,,
12,Attack on Titan,"completed,special",MangaDex,2026-09-22T21:59:25.558270+00:00,304ceac3-8cdb-4fe7-acf7-2b6ff7a60613,Attack on Titan,,,127,maximum integer label in MangaDex aggregate (not editorial latest),1|127,2,0,,,completed,2026-07-02T00:06:37+00:00,,200,,200,https://api.mangadex.org/manga?title=Attack+on+Titan&limit=100,https://api.mangadex.org/manga/304ceac3-8cdb-4fe7-acf7-2b6ff7a60613,https://api.mangadex.org/manga/304ceac3-8cdb-4fe7-acf7-2b6ff7a60613/aggregate,exact title + cross-IDs where available; see report; title alone not sufficient,"aggregate reflects uploads, not complete editorial inventory; labels deduplicated across volumes/languages",,
13,Chainsaw Man,ongoing,Kitsu,2026-09-22T21:59:32.923486+00:00,54139,Chainsaw Man,97,Kitsu chapterCount (scope unspecified),,,,,,,,finished,2026-09-22T18:00:28.019Z,,200,,,https://kitsu.io/api/edge/manga?filter%5Btext%5D=Chainsaw+Man&page%5Blimit%5D=20,https://kitsu.io/api/edge/manga/54139,,exact title + cross-IDs where available; see report; title alone not sufficient,,232,https://www.viz.com/shonenjump/chapters/chainsaw-man
13,Chainsaw Man,ongoing,MangaBaka,2026-09-22T21:59:32.923486+00:00,1677,Chainsaw Man,232,MangaBaka total_chapters (scope unspecified),,,,,,,,completed,2026-09-22T20:37:15.098Z,anilist:105778|anime_planet:chainsaw-man|anime_news_network:22369|kitsu:54139|manga_updates:ylx5wzn|my_anime_list:116778|shikimori:116778,200,200,,https://api.mangabaka.org/v1/series/search?q=Chainsaw+Man,https://api.mangabaka.org/v1/series/1677,,exact title + cross-IDs where available; see report; title alone not sufficient,aggregator; upstream dependency; total_chapters meaning unverified per work,232,https://www.viz.com/shonenjump/chapters/chainsaw-man
13,Chainsaw Man,ongoing,MangaUpdates,2026-09-22T21:59:32.923486+00:00,75336092483,Chainsaw Man,,,232,MangaUpdates latest_chapter (not total),,,,,,24 Volumes (Complete) Part 1: 11 Volumes (Complete) Part 2: 13 Volumes (Complete),2026-09-19T17:05:19-07:00,,200,200,,https://api.mangaupdates.com/v1/series/search,https://api.mangaupdates.com/v1/series/75336092483,,exact title + cross-IDs where available; see report; title alone not sufficient,,232,https://www.viz.com/shonenjump/chapters/chainsaw-man
13,Chainsaw Man,ongoing,MangaDex,2026-09-22T21:59:32.923486+00:00,a77742b1-befd-49a4-bff5-1ad4e6b0ef7b,Chainsaw Man,,,232,maximum integer label in MangaDex aggregate (not editorial latest),1|2|3|4|5|6|7|7.5|8|9|10|11|12|13|14|15|16|16.5|17|18|19|20|21|22|23|24|25|25.5|26|27|27.5|28|28.5|29|30|31|32|33|33.5|34|35|36|37|38|39|40|41|42|43|43.5|44|44.2|45|46|47|48|49|49.2|50|51|52|53|54|55|56|57|58|59|60|61|61.5|62|63|64|65|65.5|66|67|68|69|70|70.5|71|72|73|74|75|76|77|78|79|80|81|82|83|84|85|86|87|88|89|90|91|92|93|94|95|96|97|98|99|100|101|102|103|104|105|106|107|108|109|110|111|112|113|114|115|116|117|118|119|120|121|122|123|124|125|126|127|128|129|130|131|132|133|134|135|136|137|138|139|140|141|142|143|144|145|146|147|148|149|150|151|152|153|154|155|156|157|158|159|160|161|162|163|164|165|166|167|168|169|170|171|172|173|174|175|175.5|176|177|178|179|180|181|182|183|184|185|186|186.5|187|188|189|190|191|192|193|194|195|196|197|198|199|200|201|202|203|204|205|206|207|208|209|210|210.5|211|212|213|214|215|216|217|218|219|220|221|222|223|224|225|226|227|228|229|230|231|232,247,15,,,completed,2026-03-24T15:18:24+00:00,,200,,200,https://api.mangadex.org/manga?title=Chainsaw+Man&limit=100,https://api.mangadex.org/manga/a77742b1-befd-49a4-bff5-1ad4e6b0ef7b,https://api.mangadex.org/manga/a77742b1-befd-49a4-bff5-1ad4e6b0ef7b/aggregate,exact title + cross-IDs where available; see report; title alone not sufficient,"aggregate reflects uploads, not complete editorial inventory; labels deduplicated across volumes/languages",232,https://www.viz.com/shonenjump/chapters/chainsaw-man
14,Jujutsu Kaisen,completed,Kitsu,2026-09-22T21:59:39.891093+00:00,40815,Jujutsu Kaisen,272,Kitsu chapterCount (scope unspecified),,,,,,,,finished,2026-09-22T18:00:28.019Z,,200,,,https://kitsu.io/api/edge/manga?filter%5Btext%5D=Jujutsu+Kaisen&page%5Blimit%5D=20,https://kitsu.io/api/edge/manga/40815,,exact title + cross-IDs where available; see report; title alone not sufficient,,271,https://www.viz.com/shonenjump/chapters/jujutsu-kaisen
14,Jujutsu Kaisen,completed,MangaBaka,2026-09-22T21:59:39.891093+00:00,6199,Jujutsu Kaisen,272,MangaBaka total_chapters (scope unspecified),,,,,,,,completed,2026-09-22T16:14:29.731Z,anilist:101517|anime_planet:jujutsu-kaisen|anime_news_network:21741|kitsu:40815|manga_updates:axmopy6|my_anime_list:113138|shikimori:113138,200,200,,https://api.mangabaka.org/v1/series/search?q=Jujutsu+Kaisen,https://api.mangabaka.org/v1/series/6199,,exact title + cross-IDs where available; see report; title alone not sufficient,aggregator; upstream dependency; total_chapters meaning unverified per work,271,https://www.viz.com/shonenjump/chapters/jujutsu-kaisen
14,Jujutsu Kaisen,completed,MangaUpdates,2026-09-22T21:59:39.891093+00:00,23801312094,Jujutsu Kaisen,,,271,MangaUpdates latest_chapter (not total),,,,,,30 Volumes (Complete),2026-09-04T11:49:35-07:00,,200,200,,https://api.mangaupdates.com/v1/series/search,https://api.mangaupdates.com/v1/series/23801312094,,exact title + cross-IDs where available; see report; title alone not sufficient,,271,https://www.viz.com/shonenjump/chapters/jujutsu-kaisen
14,Jujutsu Kaisen,completed,MangaDex,2026-09-22T21:59:39.891093+00:00,c52b2ce3-7f95-469c-96b0-479524fb7a1a,Jujutsu Kaisen,,,271,maximum integer label in MangaDex aggregate (not editorial latest),1|2|3|4|5|6|7|63|181|182|183|184|185|186|187|188|189|190|191|192|193|194|195|271,24,0,,,completed,2026-08-07T20:45:35+00:00,,200,,200,https://api.mangadex.org/manga?title=Jujutsu+Kaisen&limit=100,https://api.mangadex.org/manga/c52b2ce3-7f95-469c-96b0-479524fb7a1a,https://api.mangadex.org/manga/c52b2ce3-7f95-469c-96b0-479524fb7a1a/aggregate,exact title + cross-IDs where available; see report; title alone not sufficient,"aggregate reflects uploads, not complete editorial inventory; labels deduplicated across volumes/languages; search had 3 plausible exact-title candidates",271,https://www.viz.com/shonenjump/chapters/jujutsu-kaisen
15,My Hero Academia,completed,Kitsu,2026-09-22T21:59:45.513669+00:00,26004,Boku no Hero Academia,432,Kitsu chapterCount (scope unspecified),,,,,,,,finished,2026-09-22T18:00:28.019Z,,200,,,https://kitsu.io/api/edge/manga?filter%5Btext%5D=My+Hero+Academia&page%5Blimit%5D=20,https://kitsu.io/api/edge/manga/26004,,exact title + cross-IDs where available; see report; title alone not sufficient,,,
15,My Hero Academia,completed,MangaBaka,2026-09-22T21:59:45.513669+00:00,7423,MY HERO ACADEMIA,432,MangaBaka total_chapters (scope unspecified),,,,,,,,completed,2026-09-22T20:49:22.516Z,anilist:85486|anime_planet:my-hero-academia|anime_news_network:16757|kitsu:26004|manga_updates:tc9lj22|my_anime_list:75989|shikimori:75989,200,200,,https://api.mangabaka.org/v1/series/search?q=My+Hero+Academia,https://api.mangabaka.org/v1/series/7423,,exact title + cross-IDs where available; see report; title alone not sufficient,aggregator; upstream dependency; total_chapters meaning unverified per work,,
15,My Hero Academia,completed,MangaUpdates,2026-09-22T21:59:45.513669+00:00,63868402874,Boku no Hero Academia,,,430,MangaUpdates latest_chapter (not total),,,,,,42 Volumes (Complete),2026-09-13T00:29:21-07:00,,200,200,,https://api.mangaupdates.com/v1/series/search,https://api.mangaupdates.com/v1/series/63868402874,,exact title + cross-IDs where available; see report; title alone not sufficient,resolved by cross-ID from MangaBaka or MangaDex,,
15,My Hero Academia,completed,MangaDex,2026-09-22T21:59:45.513669+00:00,4f3bcae4-2d96-4c9d-932c-90181d9c873e,Boku no Hero Academia,,,431,maximum integer label in MangaDex aggregate (not editorial latest),1|2|3|4|430|431,6,0,,,completed,2026-04-21T10:40:03+00:00,,200,200,200,https://api.mangadex.org/manga?title=My+Hero+Academia&limit=100,https://api.mangadex.org/manga/4f3bcae4-2d96-4c9d-932c-90181d9c873e,https://api.mangadex.org/manga/4f3bcae4-2d96-4c9d-932c-90181d9c873e/aggregate,exact title + cross-IDs where available; see report; title alone not sufficient,"matched MangaDex kt and mu crosslinks; aggregate reflects uploads, not complete editorial inventory; labels deduplicated across volumes/languages; search had 2 plausible exact-title candidates",,
16,Frieren: Beyond Journey’s End,"ongoing,hiatus",Kitsu,2026-09-22T21:59:50.846349+00:00,56355,Sousou no Frieren,,Kitsu chapterCount (scope unspecified),,,,,,,,current,2026-09-22T18:00:28.019Z,,200,,,https://kitsu.io/api/edge/manga?filter%5Btext%5D=Frieren&page%5Blimit%5D=20,https://kitsu.io/api/edge/manga/56355,,exact title + cross-IDs where available; see report; title alone not sufficient,,,
16,Frieren: Beyond Journey’s End,"ongoing,hiatus",MangaBaka,2026-09-22T21:59:50.846349+00:00,1995,Frieren: Beyond Journey’s End,147,MangaBaka total_chapters (scope unspecified),,,,,,,,hiatus,2026-09-22T08:09:35.369Z,anilist:118586|anime_planet:frieren-beyond-journeys-end|anime_news_network:24449|kitsu:56355|manga_updates:ugf5dzu|my_anime_list:126287|shikimori:126287,200,200,,https://api.mangabaka.org/v1/series/search?q=Frieren,https://api.mangabaka.org/v1/series/1995,,exact title + cross-IDs where available; see report; title alone not sufficient,aggregator; upstream dependency; total_chapters meaning unverified per work,,
16,Frieren: Beyond Journey’s End,"ongoing,hiatus",MangaUpdates,2026-09-22T21:59:50.846349+00:00,66296374554,Sousou no Frieren,,,147,MangaUpdates latest_chapter (not total),,,,,,15 Volumes (Hiatus),2026-08-28T00:33:58-07:00,,200,200,,https://api.mangaupdates.com/v1/series/search,https://api.mangaupdates.com/v1/series/66296374554,,exact title + cross-IDs where available; see report; title alone not sufficient,,,
16,Frieren: Beyond Journey’s End,"ongoing,hiatus",MangaDex,2026-09-22T21:59:50.846349+00:00,b0b721ff-c388-4486-aa0f-c2b0bb321512,Sousou no Frieren,,,145,maximum integer label in MangaDex aggregate (not editorial latest),1|2|111|112|113|114|115|116|117|118|119|120|121|122|123|124|125|126|127|128|129|130|131|132|133|140|141|142|143|144|145,31,0,,,hiatus,2026-08-22T02:07:29+00:00,,200,,200,https://api.mangadex.org/manga?title=Frieren&limit=100,https://api.mangadex.org/manga/b0b721ff-c388-4486-aa0f-c2b0bb321512,https://api.mangadex.org/manga/b0b721ff-c388-4486-aa0f-c2b0bb321512/aggregate,exact title + cross-IDs where available; see report; title alone not sufficient,"aggregate reflects uploads, not complete editorial inventory; labels deduplicated across volumes/languages",,
17,Spy x Family,ongoing,Kitsu,2026-09-22T21:59:56.586650+00:00,54448,SPY×FAMILY,,Kitsu chapterCount (scope unspecified),,,,,,,,current,2026-09-22T18:00:28.019Z,,200,,,https://kitsu.io/api/edge/manga?filter%5Btext%5D=Spy+x+Family&page%5Blimit%5D=20,https://kitsu.io/api/edge/manga/54448,,exact title + cross-IDs where available; see report; title alone not sufficient,,140.1,https://www.viz.com/shonenjump/chapters/spy-x-family
17,Spy x Family,ongoing,MangaBaka,2026-09-22T21:59:56.586650+00:00,1288,SPY×FAMILY,140,MangaBaka total_chapters (scope unspecified),,,,,,,,releasing,2026-09-22T19:27:52.719Z,anilist:108556|anime_planet:spy-x-family|anime_news_network:22366|kitsu:54448|manga_updates:v5is1fi|my_anime_list:119161|shikimori:119161,200,200,,https://api.mangabaka.org/v1/series/search?q=Spy+x+Family,https://api.mangabaka.org/v1/series/1288,,exact title + cross-IDs where available; see report; title alone not sufficient,aggregator; upstream dependency; total_chapters meaning unverified per work; search had 2 plausible exact-title candidates,140.1,https://www.viz.com/shonenjump/chapters/spy-x-family
17,Spy x Family,ongoing,MangaUpdates,2026-09-22T21:59:56.586650+00:00,67814124606,Spy x Family,,,140,MangaUpdates latest_chapter (not total),,,,,,17 Volumes (Ongoing),2026-09-22T04:25:56-07:00,,200,200,,https://api.mangaupdates.com/v1/series/search,https://api.mangaupdates.com/v1/series/67814124606,,exact title + cross-IDs where available; see report; title alone not sufficient,,140.1,https://www.viz.com/shonenjump/chapters/spy-x-family
17,Spy x Family,ongoing,MangaDex,2026-09-22T21:59:56.586650+00:00,6b958848-c885-4735-9201-12ee77abcb3c,SPY×FAMILY,,,140,maximum integer label in MangaDex aggregate (not editorial latest),1|2|3|4|5|5.5|6|7|8|8.5|9|10|11|11.5|12|13|14|15|15.5|15.6|16|17|17.5|18|18.5|19|20|21|22|23|23.5|24|24.5|25|26|27|27.5|28|29|30|30.5|31|32|33|34|35|36|37|38|39|40|40.5|41|42|43|44|45|46|47|48|49|50|51|51.5|52|53|53.5|54|55|56|57|58.1|58.2|58.5|59|60|61|62.1|62.2|62.3|62.5|63|64|64.5|65|66|67.1|67.2|68|68.5|69|70|71|71.5|72|73|74|75|76|77|78|78.5|79|80|81|82|83|84|85|86|87|88|89|90|90.5|91|92|93|94|95|96|96.5|96.6|97|98|98.5|99|100|101|102|103|104|105|105.5|106|107|108|109|110|111|112|112.1|112.2|113|114|114.5|115|116|116.5|117|118|118.5|119|120|120.5|121|122|123.1|123.2|123.5|124|125|126|127.1|127.2|127.5|128|129|130|131|132|133|134|135|136|137|138|139.1|139.2|140|140.5,181,47,,,ongoing,2026-07-19T15:25:58+00:00,,200,,200,https://api.mangadex.org/manga?title=Spy+x+Family&limit=100,https://api.mangadex.org/manga/6b958848-c885-4735-9201-12ee77abcb3c,https://api.mangadex.org/manga/6b958848-c885-4735-9201-12ee77abcb3c/aggregate,exact title + cross-IDs where available; see report; title alone not sufficient,"aggregate reflects uploads, not complete editorial inventory; labels deduplicated across volumes/languages; search had 2 plausible exact-title candidates",140.1,https://www.viz.com/shonenjump/chapters/spy-x-family
18,Oshi no Ko,completed,Kitsu,2026-09-22T22:00:01.905751+00:00,56391,[Oshi no Ko],168,Kitsu chapterCount (scope unspecified),,,,,,,,finished,2026-09-22T18:00:28.019Z,,200,,,https://kitsu.io/api/edge/manga?filter%5Btext%5D=Oshi+no+Ko&page%5Blimit%5D=20,https://kitsu.io/api/edge/manga/56391,,exact title + cross-IDs where available; see report; title alone not sufficient,,,
18,Oshi no Ko,completed,MangaBaka,2026-09-22T22:00:01.905751+00:00,593,[Oshi no Ko],171,MangaBaka total_chapters (scope unspecified),,,,,,,,completed,2026-09-18T22:32:27.432Z,anilist:117195|anime_planet:oshi-no-ko|anime_news_network:24571|kitsu:56391|manga_updates:89n01s3|my_anime_list:126146|shikimori:126146,200,200,,https://api.mangabaka.org/v1/series/search?q=Oshi+no+Ko,https://api.mangabaka.org/v1/series/593,,exact title + cross-IDs where available; see report; title alone not sufficient,aggregator; upstream dependency; total_chapters meaning unverified per work; search had 2 plausible exact-title candidates,,
18,Oshi no Ko,completed,MangaUpdates,2026-09-22T22:00:01.905751+00:00,17997087747,Oshi no Ko,,,166,MangaUpdates latest_chapter (not total),,,,,,16 Volumes (Complete),2026-09-08T09:40:15-07:00,,200,200,,https://api.mangaupdates.com/v1/series/search,https://api.mangaupdates.com/v1/series/17997087747,,exact title + cross-IDs where available; see report; title alone not sufficient,,,
18,Oshi no Ko,completed,MangaDex,2026-09-22T22:00:01.905751+00:00,296cbc31-af1a-4b5b-a34b-fee2b4cad542,【Oshi no Ko】,,,166,maximum integer label in MangaDex aggregate (not editorial latest),1|2|3|4|5|6|7|8|9|10|11|12|13|14|15|16|17|18|19|20|20.5|21|22|23|24|25|26|27|28|29|30|30.5|31|32|33|34|35|36|37|38|39|40|40.5|41|42|43|44|45|46|47|48|49|50|50.5|51|52|53|54|55|56|57|58|59|60|61|62|63|64|65|66|67|68|69|70|71|72|73|74|75|76|77|78|79|80|81|82|83|84|85|86|87|88|89|89.5|90|90.1|90.5|91|92|93|94|95|96|97|98|99|100|100.5|101|102|103|104|105|105.1|106|107|108|109|110|111|112|113|114|115|116|117|118|119|120|121|122|123|124|125|125.1|125.2|125.3|125.4|126|127|128|129|130|131|132|133|134|135|136|137|138|139|140|141|142|143|144|145|146|147|148|149|150|151|152|152.5|153|154|155|156|157|158|159|160|161|162|163|164|165|166|166.5,181,15,,,completed,2026-04-26T15:12:43+00:00,,200,,200,https://api.mangadex.org/manga?title=Oshi+no+Ko&limit=100,https://api.mangadex.org/manga/296cbc31-af1a-4b5b-a34b-fee2b4cad542,https://api.mangadex.org/manga/296cbc31-af1a-4b5b-a34b-fee2b4cad542/aggregate,exact title + cross-IDs where available; see report; title alone not sufficient,"aggregate reflects uploads, not complete editorial inventory; labels deduplicated across volumes/languages",,
19,Vinland Saga,completed,Kitsu,2026-09-22T22:00:09.237642+00:00,1456,Vinland Saga,220,Kitsu chapterCount (scope unspecified),,,,,,,,finished,2026-09-22T18:00:28.019Z,,200,,,https://kitsu.io/api/edge/manga?filter%5Btext%5D=Vinland+Saga&page%5Blimit%5D=20,https://kitsu.io/api/edge/manga/1456,,exact title + cross-IDs where available; see report; title alone not sufficient,,,
19,Vinland Saga,completed,MangaBaka,2026-09-22T22:00:09.237642+00:00,3248,VINLAND SAGA,224,MangaBaka total_chapters (scope unspecified),,,,,,,,completed,2026-09-19T22:03:45.314Z,anilist:30642|anime_planet:vinland-saga|anime_news_network:6121|kitsu:1456|manga_updates:cql4c43|my_anime_list:642|shikimori:642,200,200,,https://api.mangabaka.org/v1/series/search?q=Vinland+Saga,https://api.mangabaka.org/v1/series/3248,,exact title + cross-IDs where available; see report; title alone not sufficient,aggregator; upstream dependency; total_chapters meaning unverified per work,,
19,Vinland Saga,completed,MangaUpdates,2026-09-22T22:00:09.237642+00:00,27728982867,VINLAND SAGA,,,220,MangaUpdates latest_chapter (not total),,,,,,29 Volumes (Complete),2026-09-20T14:36:42-07:00,,200,200,,https://api.mangaupdates.com/v1/series/search,https://api.mangaupdates.com/v1/series/27728982867,,exact title + cross-IDs where available; see report; title alone not sufficient,,,
19,Vinland Saga,completed,MangaDex,2026-09-22T22:00:09.237642+00:00,5d1fc77e-706a-4fc5-bea8-486c9be0145d,Vinland Saga,,,220,maximum integer label in MangaDex aggregate (not editorial latest),218|219|220,3,0,,,completed,2026-07-11T17:28:42+00:00,,200,,200,https://api.mangadex.org/manga?title=Vinland+Saga&limit=100,https://api.mangadex.org/manga/5d1fc77e-706a-4fc5-bea8-486c9be0145d,https://api.mangadex.org/manga/5d1fc77e-706a-4fc5-bea8-486c9be0145d/aggregate,exact title + cross-IDs where available; see report; title alone not sufficient,"aggregate reflects uploads, not complete editorial inventory; labels deduplicated across volumes/languages",,
20,Steel Ball Run,"completed,edition",Kitsu,2026-09-22T22:00:15.454211+00:00,3625,JoJo's Bizarre Adventure Part 7: Steel Ball Run,95,Kitsu chapterCount (scope unspecified),,,,,,,,finished,2026-09-22T18:00:28.019Z,,200,,,https://kitsu.io/api/edge/manga?filter%5Btext%5D=Steel+Ball+Run&page%5Blimit%5D=20,https://kitsu.io/api/edge/manga/3625,,exact title + cross-IDs where available; see report; title alone not sufficient,,,
20,Steel Ball Run,"completed,edition",MangaBaka,2026-09-22T22:00:15.454211+00:00,604,JoJo's Bizarre Adventure: Part 7–Steel Ball Run,96,MangaBaka total_chapters (scope unspecified),,,,,,,,completed,2026-09-22T21:49:20.099Z,anilist:31706|anime_planet:jojos-bizarre-adventure-part-7-steel-ball-run|anime_news_network:5564|kitsu:3625|manga_updates:22jigcm|my_anime_list:1706|shikimori:1706,200,200,,https://api.mangabaka.org/v1/series/search?q=Steel+Ball+Run,https://api.mangabaka.org/v1/series/604,,exact title + cross-IDs where available; see report; title alone not sufficient,aggregator; upstream dependency; total_chapters meaning unverified per work,,
20,Steel Ball Run,"completed,edition",MangaUpdates,2026-09-22T22:00:15.454211+00:00,4507270726,JoJo no Kimyou na Bouken Part 7: Steel Ball Run,,,30,MangaUpdates latest_chapter (not total),,,,,,24 Tankōbon Volumes (Complete) 16 Bunkoban Volumes (Complete),2026-05-29T16:11:59-07:00,,200,200,,https://api.mangaupdates.com/v1/series/search,https://api.mangaupdates.com/v1/series/4507270726,,exact title + cross-IDs where available; see report; title alone not sufficient,resolved by cross-ID from MangaBaka or MangaDex,,
20,Steel Ball Run,"completed,edition",MangaDex,2026-09-22T22:00:15.454211+00:00,b30dfee3-9d1d-4e8d-bfbe-8fcabc3c96f6,JoJo no Kimyou na Bouken: Part 7 - Steel Ball Run,,,95,maximum integer label in MangaDex aggregate (not editorial latest),1|2|3|4|5|6|7|8|9|10|11|11.5|12|13|14|15|16|17|18|19|20|21|22|23|24|25|26|27|28|29|30|30.5|31|32|33|34|35|36|37|38|39|40|41|42|42.5|43|44|45|46|47|48|49|50|51|52|53|54|55|56|57|58|59|60|61|62|63|64|65|66|67|68|69|70|71|72|73|74|75|76|77|78|79|80|81|82|83|84|85|86|87|88|89|90|91|92|93|94|95,98,3,,,completed,2026-05-11T18:01:40+00:00,,200,,200,https://api.mangadex.org/manga?title=Steel+Ball+Run&limit=100,https://api.mangadex.org/manga/b30dfee3-9d1d-4e8d-bfbe-8fcabc3c96f6,https://api.mangadex.org/manga/b30dfee3-9d1d-4e8d-bfbe-8fcabc3c96f6/aggregate,exact title + cross-IDs where available; see report; title alone not sufficient,"aggregate reflects uploads, not complete editorial inventory; labels deduplicated across volumes/languages",,
21,Yotsuba&!,"ongoing,irregular",Kitsu,2026-09-22T22:00:22.647225+00:00,272,Yotsubato!,,Kitsu chapterCount (scope unspecified),,,,,,,,current,2026-09-22T18:00:28.019Z,,200,,,https://kitsu.io/api/edge/manga?filter%5Btext%5D=Yotsuba&page%5Blimit%5D=20,https://kitsu.io/api/edge/manga/272,,exact title + cross-IDs where available; see report; title alone not sufficient,,,
21,Yotsuba&!,"ongoing,irregular",MangaBaka,2026-09-22T22:00:22.647225+00:00,6766,Yotsuba&!,114,MangaBaka total_chapters (scope unspecified),,,,,,,,releasing,2026-09-21T02:46:36.199Z,anilist:30104|anime_planet:yotsuba|anime_news_network:2966|kitsu:272|manga_updates:auem2hr|my_anime_list:104|shikimori:104,200,200,,https://api.mangabaka.org/v1/series/search?q=Yotsuba,https://api.mangabaka.org/v1/series/6766,,exact title + cross-IDs where available; see report; title alone not sufficient,aggregator; upstream dependency; total_chapters meaning unverified per work,,
21,Yotsuba&!,"ongoing,irregular",MangaUpdates,2026-09-22T22:00:22.647225+00:00,23606352927,Yotsuba to!,,,114,MangaUpdates latest_chapter (not total),,,,,,16 Volumes (Ongoing),2026-07-23T11:55:29-07:00,,200,200,,https://api.mangaupdates.com/v1/series/search,https://api.mangaupdates.com/v1/series/23606352927,,exact title + cross-IDs where available; see report; title alone not sufficient,,,
21,Yotsuba&!,"ongoing,irregular",MangaDex,2026-09-22T22:00:22.647225+00:00,58be6aa6-06cb-4ca5-bd20-f1392ce451fb,Yotsuba to!,,,114,maximum integer label in MangaDex aggregate (not editorial latest),1|2|3|4|5|6|7|8|9|10|11|12|13|14|15|16|17|18|19|20|21|22|23|24|24.5|25|26|27|27.5|28|29|30|31|32|33|34|35|36|37|38|39|40|41|42|43|44|45|46|47|48|49|50|51|52|53|54|54.2|55|56|57|58|59|60|61|62|63|64|65|66|67|68|69|69.2|69.5|70|71|72|73|74|75|76|77|78|79|79.2|80|81|81.2|81.3|82|83|84|85|86|87|87.2|88|89|90|91|92|93|94|95|95.2|96|96.2|97|97.2|98|99|100|100.1|100.2|101|101.1|101.2|102|102.2|103|104|104.2|105|106|107|108|109|110|111|112|113|114,132,18,,,hiatus,2026-09-13T15:09:22+00:00,,200,,200,https://api.mangadex.org/manga?title=Yotsuba&limit=100,https://api.mangadex.org/manga/58be6aa6-06cb-4ca5-bd20-f1392ce451fb,https://api.mangadex.org/manga/58be6aa6-06cb-4ca5-bd20-f1392ce451fb/aggregate,exact title + cross-IDs where available; see report; title alone not sufficient,"aggregate reflects uploads, not complete editorial inventory; labels deduplicated across volumes/languages; search had 2 plausible exact-title candidates",,
22,Blue Lock,ongoing,Kitsu,2026-09-22T22:00:29.171215+00:00,53928,Blue Lock,,Kitsu chapterCount (scope unspecified),,,,,,,,current,2026-09-22T18:47:16.512Z,,200,,,https://kitsu.io/api/edge/manga?filter%5Btext%5D=Blue+Lock&page%5Blimit%5D=20,https://kitsu.io/api/edge/manga/53928,,exact title + cross-IDs where available; see report; title alone not sufficient,,,
22,Blue Lock,ongoing,MangaBaka,2026-09-22T22:00:29.171215+00:00,83,Blue Lock,342,MangaBaka total_chapters (scope unspecified),,,,,,,,releasing,2026-09-22T06:03:29.915Z,anilist:106130|anime_planet:blue-lock|anime_news_network:24342|kitsu:53928|manga_updates:joxc7wz|my_anime_list:114745|shikimori:114745,200,200,,https://api.mangabaka.org/v1/series/search?q=Blue+Lock,https://api.mangabaka.org/v1/series/83,,exact title + cross-IDs where available; see report; title alone not sufficient,confirmed by MangaBaka source.kitsu ID and manga type; targeted detail; aggregator; upstream dependency; total_chapters meaning unverified per work; search had 2 plausible exact-title candidates,,
22,Blue Lock,ongoing,MangaUpdates,2026-09-22T22:00:29.171215+00:00,42866050067,Blue Lock,,,272,MangaUpdates latest_chapter (not total),,,,,,40 Volumes (Ongoing),2026-09-15T02:20:20-07:00,,200,200,,https://api.mangaupdates.com/v1/series/search,https://api.mangaupdates.com/v1/series/42866050067,,exact title + cross-IDs where available; see report; title alone not sufficient,,,
22,Blue Lock,ongoing,MangaDex,2026-09-22T22:00:29.171215+00:00,4141c5dc-c525-4df5-afd7-cc7d192a832f,Blue Lock,,,362,maximum integer label in MangaDex aggregate (not editorial latest),1|2|3|4|5|6|7|8|9|10|12|13|14|15|16|17|18|19|20|21|22|150|173|174|175|176|177|260|261|262|263|264|265|266|267|268|269|270|271|272|273|274|275|276|277|278|279|280|281|282|283|284|285|286|287|288.1|288.2|289|290|291|292|293|294|295|296|297|298|299|300|301|302|303|304|305|306|307|308|309|310|311|312|313|314|314.2|315|316|317|318|319|320|321|322|323|324|325|326|327|327.1|327.2|328|329|330|331|332|333|334|335|336|337|338|339|340|340.1|340.2|341|342|343|344|345|346.1|346.2|347|348|349|350|351|352|353|354|355|356|357|358|359|360|361|362,137,9,,,ongoing,2026-08-04T15:48:05+00:00,,200,,200,https://api.mangadex.org/manga?title=Blue+Lock&limit=100,https://api.mangadex.org/manga/4141c5dc-c525-4df5-afd7-cc7d192a832f,https://api.mangadex.org/manga/4141c5dc-c525-4df5-afd7-cc7d192a832f/aggregate,exact title + cross-IDs where available; see report; title alone not sufficient,"aggregate reflects uploads, not complete editorial inventory; labels deduplicated across volumes/languages",,
23,Kingdom,ongoing,Kitsu,2026-09-22T22:00:36.149359+00:00,3480,Kingdom,,Kitsu chapterCount (scope unspecified),,,,,,,,current,2026-09-22T18:00:28.019Z,,200,,,https://kitsu.io/api/edge/manga?filter%5Btext%5D=Kingdom&page%5Blimit%5D=20,https://kitsu.io/api/edge/manga/3480,,exact title + cross-IDs where available; see report; title alone not sufficient,,,
23,Kingdom,ongoing,MangaBaka,2026-09-22T22:00:36.149359+00:00,1797,Kingdom,877,MangaBaka total_chapters (scope unspecified),,,,,,,,releasing,2026-09-22T19:37:29.870Z,anilist:46765|anime_planet:kingdom|anime_news_network:11117|kitsu:3480|manga_updates:1zitx1c|my_anime_list:16765|shikimori:16765,200,200,,https://api.mangabaka.org/v1/series/search?q=Kingdom,https://api.mangabaka.org/v1/series/1797,,exact title + cross-IDs where available; see report; title alone not sufficient,aggregator; upstream dependency; total_chapters meaning unverified per work; search had 2 plausible exact-title candidates,,
23,Kingdom,ongoing,MangaUpdates,2026-09-22T22:00:36.149359+00:00,4324727424,Kingdom,,,832,MangaUpdates latest_chapter (not total),,,,,,80 Volumes (Ongoing),2026-09-20T06:55:09-07:00,,200,200,,https://api.mangaupdates.com/v1/series/search,https://api.mangaupdates.com/v1/series/4324727424,,exact title + cross-IDs where available; see report; title alone not sufficient,,,
23,Kingdom,ongoing,MangaDex,2026-09-22T22:00:36.149359+00:00,077a3fed-1634-424f-be7a-9a96b7f07b78,Kingdom,,,885,maximum integer label in MangaDex aggregate (not editorial latest),129|130|131|132|133|134|135|136|137|138|139|140|174|175|176|177|178|179|180|181|182|183|184|185|186|187|188|189|190|191|192|193|194|195|196|492.5|501|503.5|514.5|820|821|822|823|823.5|824|825|826|827|828|829|830|831|832|833|834|835|836|837|838|839|840|841|842|843|844|845|846|847|848|849|850|851|852|853|854|855|856|857|858|859|860|861|862|863|864|865|866|867|868|869|870|871|872|873|874|875|876|877|878|879|880|881|882|883|884|885,106,4,,,ongoing,2026-04-22T06:22:50+00:00,,200,,200,https://api.mangadex.org/manga?title=Kingdom&limit=100,https://api.mangadex.org/manga/077a3fed-1634-424f-be7a-9a96b7f07b78,https://api.mangadex.org/manga/077a3fed-1634-424f-be7a-9a96b7f07b78/aggregate,exact title + cross-IDs where available; see report; title alone not sufficient,"aggregate reflects uploads, not complete editorial inventory; labels deduplicated across volumes/languages",,
24,Akira,"completed,edition",Kitsu,2026-09-22T22:00:43.482013+00:00,1500,Akira,120,Kitsu chapterCount (scope unspecified),,,,,,,,finished,2026-09-22T18:00:28.019Z,,200,,,https://kitsu.io/api/edge/manga?filter%5Btext%5D=Akira&page%5Blimit%5D=20,https://kitsu.io/api/edge/manga/1500,,exact title + cross-IDs where available; see report; title alone not sufficient,,,
24,Akira,"completed,edition",MangaBaka,2026-09-22T22:00:43.482013+00:00,5317,Akira,120,MangaBaka total_chapters (scope unspecified),,,,,,,,completed,2026-09-19T02:06:18.907Z,anilist:30664|anime_planet:akira|anime_news_network:11|kitsu:1500|manga_updates:lbc1s15|my_anime_list:664|shikimori:664,200,200,,https://api.mangabaka.org/v1/series/search?q=Akira,https://api.mangabaka.org/v1/series/5317,,exact title + cross-IDs where available; see report; title alone not sufficient,confirmed by MangaBaka source.kitsu ID and manga type; targeted detail; aggregator; upstream dependency; total_chapters meaning unverified per work; search had 2 plausible exact-title candidates,,
24,Akira,"completed,edition",MangaUpdates,2026-09-22T22:00:43.482013+00:00,46397795369,Akira,,,0,MangaUpdates latest_chapter (not total),,,,,,6 Volumes (Complete),2026-05-15T18:06:33-07:00,,200,200,,https://api.mangaupdates.com/v1/series/search,https://api.mangaupdates.com/v1/series/46397795369,,exact title + cross-IDs where available; see report; title alone not sufficient,0 is raw latest_chapter; not proof of chapter zero or total,,
24,Akira,"completed,edition",MangaDex,2026-09-22T22:00:43.482013+00:00,175cf215-2122-4656-9fac-37ac092438af,Akira,,,10,maximum integer label in MangaDex aggregate (not editorial latest),1|2|3|4|5|6|7|8|9|10,10,0,,,completed,2026-04-23T23:18:29+00:00,,200,,200,https://api.mangadex.org/manga?title=Akira&limit=100,https://api.mangadex.org/manga/175cf215-2122-4656-9fac-37ac092438af,https://api.mangadex.org/manga/175cf215-2122-4656-9fac-37ac092438af/aggregate,exact title + cross-IDs where available; see report; title alone not sufficient,"aggregate reflects uploads, not complete editorial inventory; labels deduplicated across volumes/languages",,
25,Monster,completed,Kitsu,2026-09-22T22:00:49.890911+00:00,4,Monster,162,Kitsu chapterCount (scope unspecified),,,,,,,,finished,2026-09-22T18:00:28.019Z,,200,,,https://kitsu.io/api/edge/manga?filter%5Btext%5D=Monster&page%5Blimit%5D=20,https://kitsu.io/api/edge/manga/4,,exact title + cross-IDs where available; see report; title alone not sufficient,,,
25,Monster,completed,MangaBaka,2026-09-22T22:00:49.890911+00:00,10748,MONSTER,162,MangaBaka total_chapters (scope unspecified),,,,,,,,completed,2026-09-22T17:48:51.454Z,anilist:30001|anime_planet:monster|anime_news_network:1511|kitsu:4|manga_updates:x7a8kfp|my_anime_list:1|shikimori:1,200,200,,https://api.mangabaka.org/v1/series/search?q=Monster,https://api.mangabaka.org/v1/series/10748,,exact title + cross-IDs where available; see report; title alone not sufficient,confirmed by MangaBaka source.kitsu ID and manga type; targeted detail; aggregator; upstream dependency; total_chapters meaning unverified per work; search had 5 plausible exact-title candidates,,
25,Monster,completed,MangaUpdates,2026-09-22T22:00:49.890911+00:00,72274276213,Monster,,,0,MangaUpdates latest_chapter (not total),,,,,,"18 Volumes (Complete) 9 Volumes (Kanzenban, Complete)",2026-09-20T14:32:10-07:00,,200,200,,https://api.mangaupdates.com/v1/series/search,https://api.mangaupdates.com/v1/series/72274276213,,exact title + cross-IDs where available; see report; title alone not sufficient,0 is raw latest_chapter; not proof of chapter zero or total,,
25,Monster,completed,MangaDex,2026-09-22T22:00:49.890911+00:00,d9e30523-9d65-469e-92a2-302995770950,Monster,,,162,maximum integer label in MangaDex aggregate (not editorial latest),1|2|3|4|5|6|7|8|9|10|11|12|13|14|15|16|17|18|19|20|21|22|23|24|25|26|27|28|29|30|31|32|33|34|35|36|37|38|39|40|41|42|43|44|45|46|47|48|49|50|51|52|53|54|55|56|57|58|59|60|61|62|63|64|65|66|67|68|69|70|71|72|73|74|75|76|77|78|79|80|81|82|83|84|85|86|87|88|89|90|91|92|93|94|95|96|97|98|99|100|101|102|103|104|105|106|107|108|109|110|111|112|113|114|115|116|117|118|119|120|121|122|123|124|125|126|127|128|129|130|131|132|133|134|135|136|137|138|139|140|141|142|143|144|145|146|147|148|149|150|151|152|153|154|155|156|157|158|159|160|161|162,162,0,,,completed,2026-07-10T17:54:14+00:00,,200,,200,https://api.mangadex.org/manga?title=Monster&limit=100,https://api.mangadex.org/manga/d9e30523-9d65-469e-92a2-302995770950,https://api.mangadex.org/manga/d9e30523-9d65-469e-92a2-302995770950/aggregate,exact title + cross-IDs where available; see report; title alone not sufficient,"aggregate reflects uploads, not complete editorial inventory; labels deduplicated across volumes/languages; search had 2 plausible exact-title candidates",,
26,Pluto,completed,Kitsu,2026-09-22T22:00:56.085484+00:00,1637,Pluto,65,Kitsu chapterCount (scope unspecified),,,,,,,,finished,2026-09-22T18:00:28.019Z,,200,,,https://kitsu.io/api/edge/manga?filter%5Btext%5D=Pluto&page%5Blimit%5D=20,https://kitsu.io/api/edge/manga/1637,,exact title + cross-IDs where available; see report; title alone not sufficient,,,
26,Pluto,completed,MangaBaka,2026-09-22T22:00:56.085484+00:00,11139,Pluto,65,MangaBaka total_chapters (scope unspecified),,,,,,,,completed,2026-09-22T01:58:36.119Z,anilist:30745|anime_planet:pluto|anime_news_network:3871|kitsu:1637|manga_updates:gs4piok|my_anime_list:745|shikimori:745,200,200,,https://api.mangabaka.org/v1/series/search?q=Pluto,https://api.mangabaka.org/v1/series/11139,,exact title + cross-IDs where available; see report; title alone not sufficient,aggregator; upstream dependency; total_chapters meaning unverified per work,,
26,Pluto,completed,MangaUpdates,2026-09-22T22:00:56.085484+00:00,36529479380,Pluto,,,65,MangaUpdates latest_chapter (not total),,,,,,8 Volumes (Complete),2026-09-20T14:32:50-07:00,,200,200,,https://api.mangaupdates.com/v1/series/search,https://api.mangaupdates.com/v1/series/36529479380,,exact title + cross-IDs where available; see report; title alone not sufficient,,,
26,Pluto,completed,MangaDex,2026-09-22T22:00:56.085484+00:00,e171c073-4415-499b-85bc-ea93825127ac,Pluto,,,7,maximum integer label in MangaDex aggregate (not editorial latest),1|2|3|4|5|6|7,7,0,,,completed,2026-07-23T00:15:05+00:00,,200,,200,https://api.mangadex.org/manga?title=Pluto&limit=100,https://api.mangadex.org/manga/e171c073-4415-499b-85bc-ea93825127ac,https://api.mangadex.org/manga/e171c073-4415-499b-85bc-ea93825127ac/aggregate,exact title + cross-IDs where available; see report; title alone not sufficient,"aggregate reflects uploads, not complete editorial inventory; labels deduplicated across volumes/languages",,
27,Bakuman,completed,Kitsu,2026-09-22T22:01:01.973491+00:00,19217,Bakuman.,176,Kitsu chapterCount (scope unspecified),,,,,,,,finished,2026-09-22T18:00:28.019Z,,200,,,https://kitsu.io/api/edge/manga?filter%5Btext%5D=Bakuman&page%5Blimit%5D=20,https://kitsu.io/api/edge/manga/19217,,exact title + cross-IDs where available; see report; title alone not sufficient,,,
27,Bakuman,completed,MangaBaka,2026-09-22T22:01:01.973491+00:00,9765,BAKUMAN。,176,MangaBaka total_chapters (scope unspecified),,,,,,,,completed,2026-09-22T15:47:27.975Z,anilist:39711|anime_planet:bakuman|anime_news_network:10225|kitsu:19217|manga_updates:fz7jjl1|my_anime_list:9711|shikimori:9711,200,200,,https://api.mangabaka.org/v1/series/search?q=Bakuman,https://api.mangabaka.org/v1/series/9765,,exact title + cross-IDs where available; see report; title alone not sufficient,confirmed by MangaBaka source.kitsu ID and manga type; targeted detail; aggregator; upstream dependency; total_chapters meaning unverified per work; search had 2 plausible exact-title candidates,,
27,Bakuman,completed,MangaUpdates,2026-09-22T22:01:01.973491+00:00,34780720357,Bakuman.,,,176,MangaUpdates latest_chapter (not total),,,,,,"20 Volumes (Complete) 12 Volumes (Bunkoban, 2017, Complete)",2026-09-07T09:17:51-07:00,,200,200,,https://api.mangaupdates.com/v1/series/search,https://api.mangaupdates.com/v1/series/34780720357,,exact title + cross-IDs where available; see report; title alone not sufficient,,,
27,Bakuman,completed,MangaDex,2026-09-22T22:01:01.973491+00:00,fa3e0b2f-4e1f-48ee-9af0-1de9dc28ca51,Bakuman。,,,176,maximum integer label in MangaDex aggregate (not editorial latest),1|2|3|4|170|171|172|173|174|175|176,11,0,,,completed,2026-05-02T21:25:39+00:00,,200,,200,https://api.mangadex.org/manga?title=Bakuman&limit=100,https://api.mangadex.org/manga/fa3e0b2f-4e1f-48ee-9af0-1de9dc28ca51,https://api.mangadex.org/manga/fa3e0b2f-4e1f-48ee-9af0-1de9dc28ca51/aggregate,exact title + cross-IDs where available; see report; title alone not sufficient,"aggregate reflects uploads, not complete editorial inventory; labels deduplicated across volumes/languages; search had 2 plausible exact-title candidates",,
28,Solanin,"completed,special",Kitsu,2026-09-22T22:01:06.990311+00:00,8287,Solanin,29,Kitsu chapterCount (scope unspecified),,,,,,,,finished,2026-09-22T18:00:28.019Z,,200,,,https://kitsu.io/api/edge/manga?filter%5Btext%5D=Solanin&page%5Blimit%5D=20,https://kitsu.io/api/edge/manga/8287,,exact title + cross-IDs where available; see report; title alone not sufficient,,,
28,Solanin,"completed,special",MangaBaka,2026-09-22T22:01:06.990311+00:00,7804,Solanin,30,MangaBaka total_chapters (scope unspecified),,,,,,,,completed,2026-09-21T23:36:41.682Z,anilist:33731|anime_planet:solanin|anime_news_network:8403|kitsu:8287|manga_updates:9x44hfp|my_anime_list:3731|shikimori:3731,200,200,,https://api.mangabaka.org/v1/series/search?q=Solanin,https://api.mangabaka.org/v1/series/7804,,exact title + cross-IDs where available; see report; title alone not sufficient,aggregator; upstream dependency; total_chapters meaning unverified per work,,
28,Solanin,"completed,special",MangaUpdates,2026-09-22T22:01:06.990311+00:00,21593352517,Solanin,,,29,MangaUpdates latest_chapter (not total),,,,,,"2 Volumes (Complete) 1 Volume (Shinsouban, Complete)",2025-11-22T07:29:22-08:00,,200,200,,https://api.mangaupdates.com/v1/series/search,https://api.mangaupdates.com/v1/series/21593352517,,exact title + cross-IDs where available; see report; title alone not sufficient,,,
28,Solanin,"completed,special",MangaDex,2026-09-22T22:01:06.990311+00:00,a42db50d-20df-4f33-bddc-fe990df9c231,Solanin,,,29,maximum integer label in MangaDex aggregate (not editorial latest),1|2|3|4|5|6|7|8|9|10|11|12|13|14|15|16|17|18|19|20|21|22|23|24|25|26|27|28|29,29,0,,,completed,2026-01-13T19:11:05+00:00,,200,,200,https://api.mangadex.org/manga?title=Solanin&limit=100,https://api.mangadex.org/manga/a42db50d-20df-4f33-bddc-fe990df9c231,https://api.mangadex.org/manga/a42db50d-20df-4f33-bddc-fe990df9c231/aggregate,exact title + cross-IDs where available; see report; title alone not sufficient,"aggregate reflects uploads, not complete editorial inventory; labels deduplicated across volumes/languages",,
29,Goodbye Eri,oneshot,Kitsu,2026-09-22T22:01:12.410183+00:00,62923,Sayonara Eri,1,Kitsu chapterCount (scope unspecified),,,,,,,,finished,2026-09-22T18:00:28.019Z,,200,200,,https://kitsu.io/api/edge/manga?filter%5Btext%5D=Goodbye+Eri&page%5Blimit%5D=20,https://kitsu.io/api/edge/manga/62923,,exact title + cross-IDs where available; see report; title alone not sufficient,resolved via MangaBaka Kitsu cross-ID; one-shot subtype,,
29,Goodbye Eri,oneshot,MangaBaka,2026-09-22T22:01:12.410183+00:00,3980,"Goodbye, Eri",1,MangaBaka total_chapters (scope unspecified),,,,,,,,completed,2026-09-22T19:41:00.027Z,anilist:146983|anime_planet:goodbye-eri|anime_news_network:25521|kitsu:62923|manga_updates:lv9su1x|my_anime_list:145863|shikimori:145863,200,200,,https://api.mangabaka.org/v1/series/search?q=Goodbye+Eri,https://api.mangabaka.org/v1/series/3980,,exact title + cross-IDs where available; see report; title alone not sufficient,aggregator; upstream dependency; total_chapters meaning unverified per work,,
29,Goodbye Eri,oneshot,MangaUpdates,2026-09-22T22:01:12.410183+00:00,47603342373,Sayonara Eri,,,0,MangaUpdates latest_chapter (not total),,,,,,1 Volume (Complete),2026-05-31T17:15:46-07:00,,200,200,,https://api.mangaupdates.com/v1/series/search,https://api.mangaupdates.com/v1/series/47603342373,,exact title + cross-IDs where available; see report; title alone not sufficient,resolved by cross-ID from MangaBaka or MangaDex; 0 is raw latest_chapter; not proof of chapter zero or total,,
29,Goodbye Eri,oneshot,MangaDex,2026-09-22T22:01:12.410183+00:00,c9926df8-a200-40ba-8c05-0f5b375180c9,Sayonara Eri,,,,maximum integer label in MangaDex aggregate (not editorial latest),none,1,0,,none,completed,2026-07-09T17:48:07+00:00,,200,,200,https://api.mangadex.org/manga?title=Goodbye+Eri&limit=100,https://api.mangadex.org/manga/c9926df8-a200-40ba-8c05-0f5b375180c9,https://api.mangadex.org/manga/c9926df8-a200-40ba-8c05-0f5b375180c9/aggregate,exact title + cross-IDs where available; see report; title alone not sufficient,"aggregate reflects uploads, not complete editorial inventory; labels deduplicated across volumes/languages",,
30,Look Back,oneshot,Kitsu,2026-09-22T22:01:17.906744+00:00,60475,Look Back,1,Kitsu chapterCount (scope unspecified),,,,,,,,finished,2026-09-22T18:17:05.830Z,,200,200,,https://kitsu.io/api/edge/manga?filter%5Btext%5D=Look+Back&page%5Blimit%5D=20,https://kitsu.io/api/edge/manga/60475,,exact title + cross-IDs where available; see report; title alone not sufficient,resolved via MangaBaka Kitsu cross-ID; one-shot subtype,,
30,Look Back,oneshot,MangaBaka,2026-09-22T22:01:17.906744+00:00,9465,Look Back,1,MangaBaka total_chapters (scope unspecified),,,,,,,,completed,2026-09-22T07:31:47.968Z,anilist:136807|anime_planet:look-back|anime_news_network:25522|kitsu:60475|manga_updates:spu8b56|my_anime_list:138673|shikimori:138673,200,200,,https://api.mangabaka.org/v1/series/search?q=Look+Back,https://api.mangabaka.org/v1/series/9465,,exact title + cross-IDs where available; see report; title alone not sufficient,confirmed by MangaBaka source.kitsu ID and manga type; targeted detail; aggregator; upstream dependency; total_chapters meaning unverified per work; search had 2 plausible exact-title candidates,,
30,Look Back,oneshot,MangaUpdates,2026-09-22T22:01:17.906744+00:00,62512335978,Look Back (FUJIMOTO Tatsuki),,,0,MangaUpdates latest_chapter (not total),,,,,,1 Volume (Complete),2026-09-21T20:32:03-07:00,,200,200,,https://api.mangaupdates.com/v1/series/search,https://api.mangaupdates.com/v1/series/62512335978,,exact title + cross-IDs where available; see report; title alone not sufficient,resolved via MangaBaka MangaUpdates cross-ID; 0 is raw latest_chapter; not proof of chapter zero or total; initial exact-title match was wrong 2013 work; corrected via cross-ID,,
30,Look Back,oneshot,MangaDex,2026-09-22T22:01:17.906744+00:00,ba7908db-5c9e-4f78-9fc1-3b3581f752e9,Look Back,,,,maximum integer label in MangaDex aggregate (not editorial latest),none,1,0,,none,completed,2026-07-04T11:13:17+00:00,,200,,200,https://api.mangadex.org/manga?title=Look+Back&limit=100,https://api.mangadex.org/manga/ba7908db-5c9e-4f78-9fc1-3b3581f752e9,https://api.mangadex.org/manga/ba7908db-5c9e-4f78-9fc1-3b3581f752e9/aggregate,exact title + cross-IDs where available; see report; title alone not sufficient,"aggregate reflects uploads, not complete editorial inventory; labels deduplicated across volumes/languages",,
